{
  "timestamp": "2025-09-03T15:49:33.408Z",
  "project": "Conductores PWA",
  "version": "0.0.0",
  "summary": {
    "overallScore": 0,
    "coverageHealth": "CRITICAL",
    "testQuality": "LOW",
    "recommendations": [
      "Improve branch coverage by adding more conditional test cases",
      "Increase function coverage by testing all public methods",
      "Enhance test quality to catch more code mutations"
    ]
  },
  "details": {
    "unitTests": {
      "lines": {
        "covered": 0,
        "total": 0,
        "percentage": 0
      },
      "functions": {
        "covered": 0,
        "total": 0,
        "percentage": 0
      },
      "statements": {
        "covered": 0,
        "total": 0,
        "percentage": 0
      },
      "branches": {
        "covered": 0,
        "total": 0,
        "percentage": 0
      }
    },
    "mutationTesting": {
      "score": 0,
      "killed": 0,
      "survived": 0,
      "timeout": 0
    },
    "accessibilityTesting": {
      "passed": 0,
      "failed": 0,
      "violations": 0,
      "score": 0
    }
  },
  "recommendations": [
    {
      "type": "coverage",
      "priority": "high",
      "title": "Improve Line Coverage",
      "description": "Current line coverage is 0%. Target: 80%+",
      "action": "Add tests for uncovered lines of code"
    },
    {
      "type": "coverage",
      "priority": "high",
      "title": "Improve Branch Coverage",
      "description": "Current branch coverage is 0%. Target: 75%+",
      "action": "Add tests for conditional logic and error handling paths"
    },
    {
      "type": "quality",
      "priority": "medium",
      "title": "Improve Test Quality",
      "description": "Mutation score is 0%. Target: 70%+",
      "action": "Review surviving mutants and add more specific assertions"
    }
  ]
}